drug,link
Abemaciclib,/about-cancer/treatment/drugs/abemaciclib
Abiraterone Acetate,/about-cancer/treatment/drugs/abirateroneacetate
Abraxane (Paclitaxel Albumin-stabilized Nanoparticle Formulation),/about-cancer/treatment/drugs/nanoparticlepaclitaxel
ABVD,/about-cancer/treatment/drugs/abvd
ABVE,/about-cancer/treatment/drugs/abve
ABVE-PC,/about-cancer/treatment/drugs/abve-pc
AC,/about-cancer/treatment/drugs/ac
Acalabrutinib,/about-cancer/treatment/drugs/acalabrutinib
AC-T,/about-cancer/treatment/drugs/ac-t
Actemra (Tocilizumab),/about-cancer/treatment/drugs/tocilizumab
Adcetris (Brentuximab Vedotin),/about-cancer/treatment/drugs/brentuximabvedotin
ADE,/about-cancer/treatment/drugs/ade
Ado-Trastuzumab Emtansine,/about-cancer/treatment/drugs/ado-trastuzumab-emtansine
Adriamycin (Doxorubicin Hydrochloride),/about-cancer/treatment/drugs/doxorubicinhydrochloride
Afatinib Dimaleate,/about-cancer/treatment/drugs/afatinibdimaleate
Afinitor (Everolimus),/about-cancer/treatment/drugs/everolimus
Akynzeo (Netupitant and Palonosetron Hydrochloride),/about-cancer/treatment/drugs/netupitant-palonosetronhydrochloride
Aldara (Imiquimod),/about-cancer/treatment/drugs/imiquimod
Aldesleukin,/about-cancer/treatment/drugs/aldesleukin
Alecensa (Alectinib),/about-cancer/treatment/drugs/alectinib
Alectinib,/about-cancer/treatment/drugs/alectinib
Alemtuzumab,/about-cancer/treatment/drugs/alemtuzumab
Alimta (Pemetrexed Disodium),/about-cancer/treatment/drugs/pemetrexeddisodium
Aliqopa (Copanlisib Hydrochloride),/about-cancer/treatment/drugs/copanlisibhydrochloride
Alkeran for Injection (Melphalan Hydrochloride),/about-cancer/treatment/drugs/melphalan-hydrochloride
Alkeran Tablets (Melphalan),/about-cancer/treatment/drugs/melphalan
Aloxi (Palonosetron Hydrochloride),/about-cancer/treatment/drugs/palonosetronhydrochloride
Alpelisib,/about-cancer/treatment/drugs/alpelisib
Alunbrig (Brigatinib),/about-cancer/treatment/drugs/brigatinib
Ameluz (Aminolevulinic Acid Hydrochloride),/about-cancer/treatment/drugs/aminolevulinicacid
Amifostine,/about-cancer/treatment/drugs/amifostine
Aminolevulinic Acid Hydrochloride,/about-cancer/treatment/drugs/aminolevulinicacid
Anastrozole,/about-cancer/treatment/drugs/anastrozole
Apalutamide,/about-cancer/treatment/drugs/apalutamide
Aprepitant,/about-cancer/treatment/drugs/aprepitant
Aranesp (Darbepoetin Alfa),/about-cancer/treatment/drugs/darbepoetinalfa
Aredia (Pamidronate Disodium),/about-cancer/treatment/drugs/pamidronatedisodium
Arimidex (Anastrozole),/about-cancer/treatment/drugs/anastrozole
Aromasin (Exemestane),/about-cancer/treatment/drugs/exemestane
Arranon (Nelarabine),/about-cancer/treatment/drugs/nelarabine
Arsenic Trioxide,/about-cancer/treatment/drugs/arsenictrioxide
Arzerra (Ofatumumab),/about-cancer/treatment/drugs/ofatumumab
Asparaginase Erwinia chrysanthemi,/about-cancer/treatment/drugs/asparaginase-erwinia-chrysanthemi
Asparlas (Calaspargase Pegol-mknl),/about-cancer/treatment/drugs/calaspargasepegol-mknl
Atezolizumab,/about-cancer/treatment/drugs/atezolizumab
Avapritinib,/about-cancer/treatment/drugs/avapritinib
Avastin (Bevacizumab),/about-cancer/treatment/drugs/bevacizumab
Avelumab,/about-cancer/treatment/drugs/avelumab
Axicabtagene Ciloleucel,/about-cancer/treatment/drugs/axicabtageneciloleucel
Axitinib,/about-cancer/treatment/drugs/axitinib
Ayvakit (Avapritinib),/about-cancer/treatment/drugs/avapritinib
Azacitidine,/about-cancer/treatment/drugs/azacitidine
Azedra (Iobenguane I 131),/about-cancer/treatment/drugs/iobenguanei131
Balversa (Erdafitinib),https://www.cancer.gov/about-cancer/treatment/drugs/erdafitinib
Bavencio (Avelumab),/about-cancer/treatment/drugs/avelumab
BEACOPP,/about-cancer/treatment/drugs/beacopp
Beleodaq (Belinostat),/about-cancer/treatment/drugs/belinostat
Belinostat,/about-cancer/treatment/drugs/belinostat
Bendamustine Hydrochloride,/about-cancer/treatment/drugs/bendamustinehydrochloride
Bendeka (Bendamustine Hydrochloride),/about-cancer/treatment/drugs/bendamustinehydrochloride
BEP,/about-cancer/treatment/drugs/bep
Besponsa (Inotuzumab Ozogamicin),/about-cancer/treatment/drugs/inotuzumabozogamicin
Bevacizumab,/about-cancer/treatment/drugs/bevacizumab
Bexarotene,/about-cancer/treatment/drugs/bexarotene
Bicalutamide,/about-cancer/treatment/drugs/bicalutamide
BiCNU (Carmustine),/about-cancer/treatment/drugs/carmustine
Binimetinib,/about-cancer/treatment/drugs/binimetinib
Bleomycin Sulfate,/about-cancer/treatment/drugs/bleomycin
Blinatumomab,/about-cancer/treatment/drugs/blinatumomab
Blincyto (Blinatumomab),/about-cancer/treatment/drugs/blinatumomab
Bortezomib,/about-cancer/treatment/drugs/bortezomib
Bosulif (Bosutinib),/about-cancer/treatment/drugs/bosutinib
Bosutinib,/about-cancer/treatment/drugs/bosutinib
Braftovi (Encorafenib),/about-cancer/treatment/drugs/encorafenib
Brentuximab Vedotin,/about-cancer/treatment/drugs/brentuximabvedotin
Brigatinib,/about-cancer/treatment/drugs/brigatinib
Brukinsa (Zanubrutinib),/about-cancer/treatment/drugs/zanubrutinib
BuMel,/about-cancer/treatment/drugs/bumel
Busulfan,/about-cancer/treatment/drugs/busulfan
Busulfex (Busulfan),/about-cancer/treatment/drugs/busulfan
Cabazitaxel,/about-cancer/treatment/drugs/cabazitaxel
Cablivi (Caplacizumab-yhdp),https://www.cancer.gov/about-cancer/treatment/drugs/caplacizumab-yhdp
Cabometyx (Cabozantinib-S-Malate),/about-cancer/treatment/drugs/cabozantinib-s-malate
Cabozantinib-S-Malate,/about-cancer/treatment/drugs/cabozantinib-s-malate
CAF,/about-cancer/treatment/drugs/caf
Calaspargase Pegol-mknl,/about-cancer/treatment/drugs/calaspargasepegol-mknl
Calquence (Acalabrutinib),/about-cancer/treatment/drugs/acalabrutinib
Campath (Alemtuzumab),/about-cancer/treatment/drugs/alemtuzumab
Camptosar (Irinotecan Hydrochloride),/about-cancer/treatment/drugs/irinotecanhydrochloride
Capecitabine,/about-cancer/treatment/drugs/capecitabine
Caplacizumab-yhdp,https://www.cancer.gov/about-cancer/treatment/drugs/caplacizumab-yhdp
CAPOX,/about-cancer/treatment/drugs/capox
Carac (Fluorouracil--Topical),/about-cancer/treatment/drugs/fluorouracil-topical
Carboplatin,/about-cancer/treatment/drugs/carboplatin
CARBOPLATIN-TAXOL,/about-cancer/treatment/drugs/carboplatin-taxol
Carfilzomib,/about-cancer/treatment/drugs/carfilzomib
Carmustine,/about-cancer/treatment/drugs/carmustine
Carmustine Implant,/about-cancer/treatment/drugs/carmustineimplant
Casodex (Bicalutamide),/about-cancer/treatment/drugs/bicalutamide
CEM,/about-cancer/treatment/drugs/cem
Cemiplimab-rwlc,/about-cancer/treatment/drugs/cemiplimab-rwlc
Ceritinib,/about-cancer/treatment/drugs/ceritinib
Cerubidine (Daunorubicin Hydrochloride),/about-cancer/treatment/drugs/daunorubicinhydrochloride
Cervarix (Recombinant HPV Bivalent Vaccine),/about-cancer/treatment/drugs/recombinant-hpv-bivalent-vaccine
Cetuximab,/about-cancer/treatment/drugs/cetuximab
CEV,/about-cancer/treatment/drugs/cev
Chlorambucil,/about-cancer/treatment/drugs/chlorambucil
CHLORAMBUCIL-PREDNISONE,/about-cancer/treatment/drugs/chlorambucil-prednisone
CHOP,/about-cancer/treatment/drugs/chop
Cisplatin,/about-cancer/treatment/drugs/cisplatin
Cladribine,/about-cancer/treatment/drugs/cladribine
Clofarabine,/about-cancer/treatment/drugs/clofarabine
Clolar (Clofarabine),/about-cancer/treatment/drugs/clofarabine
CMF,/about-cancer/treatment/drugs/cmf
Cobimetinib,/about-cancer/treatment/drugs/cobimetinib
Cometriq (Cabozantinib-S-Malate),/about-cancer/treatment/drugs/cabozantinib-s-malate
Copanlisib Hydrochloride,/about-cancer/treatment/drugs/copanlisibhydrochloride
COPDAC,/about-cancer/treatment/drugs/copdac
Copiktra (Duvelisib),/about-cancer/treatment/drugs/duvelisib
COPP,/about-cancer/treatment/drugs/copp
COPP-ABV,/about-cancer/treatment/drugs/copp-abv
Cosmegen (Dactinomycin),/about-cancer/treatment/drugs/dactinomycin
Cotellic (Cobimetinib),/about-cancer/treatment/drugs/cobimetinib
Crizotinib,/about-cancer/treatment/drugs/crizotinib
CVP,/about-cancer/treatment/drugs/cvp
Cyclophosphamide,/about-cancer/treatment/drugs/cyclophosphamide
Cyramza (Ramucirumab),/about-cancer/treatment/drugs/ramucirumab
Cytarabine,/about-cancer/treatment/drugs/cytarabine
Dabrafenib Mesylate,/about-cancer/treatment/drugs/dabrafenib
Dacarbazine,/about-cancer/treatment/drugs/dacarbazine
Dacogen (Decitabine),/about-cancer/treatment/drugs/decitabine
Dacomitinib,/about-cancer/treatment/drugs/dacomitinib
Dactinomycin,/about-cancer/treatment/drugs/dactinomycin
Daratumumab,/about-cancer/treatment/drugs/daratumumab
Darbepoetin Alfa,/about-cancer/treatment/drugs/darbepoetinalfa
Darolutamide,/about-cancer/treatment/drugs/darolutamide
Darzalex (Daratumumab),/about-cancer/treatment/drugs/daratumumab
Dasatinib,/about-cancer/treatment/drugs/dasatinib
Daunorubicin Hydrochloride,/about-cancer/treatment/drugs/daunorubicinhydrochloride
Daunorubicin Hydrochloride and Cytarabine Liposome,/about-cancer/treatment/drugs/daunorubicinhydrochlorideandcytarabineliposome
Daurismo (Glasdegib Maleate),https://www.cancer.gov/about-cancer/treatment/drugs/glasdegibmaleate
Decitabine,/about-cancer/treatment/drugs/decitabine
Defibrotide Sodium,/about-cancer/treatment/drugs/defibrotide-sodium
Defitelio (Defibrotide Sodium),/about-cancer/treatment/drugs/defibrotide-sodium
Degarelix,/about-cancer/treatment/drugs/degarelix
Denileukin Diftitox,/about-cancer/treatment/drugs/denileukindiftitox
Denosumab,/about-cancer/treatment/drugs/denosumab
Dexamethasone,/about-cancer/treatment/drugs/dexamethasone
Dexrazoxane Hydrochloride,/about-cancer/treatment/drugs/dexrazoxanehydrochloride
Dinutuximab,/about-cancer/treatment/drugs/dinutuximab
Docetaxel,/about-cancer/treatment/drugs/docetaxel
Doxil (Doxorubicin Hydrochloride Liposome),/about-cancer/treatment/drugs/doxorubicin-hydrochloride-liposome
Doxorubicin Hydrochloride,/about-cancer/treatment/drugs/doxorubicinhydrochloride
Doxorubicin Hydrochloride Liposome,/about-cancer/treatment/drugs/doxorubicin-hydrochloride-liposome
Durvalumab,/about-cancer/treatment/drugs/durvalumab
Duvelisib,/about-cancer/treatment/drugs/duvelisib
Efudex (Fluorouracil--Topical),/about-cancer/treatment/drugs/fluorouracil-topical
Eligard (Leuprolide Acetate),/about-cancer/treatment/drugs/leuprolideacetate
Elitek (Rasburicase),/about-cancer/treatment/drugs/rasburicase
Ellence (Epirubicin Hydrochloride),/about-cancer/treatment/drugs/epirubicinhydrochloride
Elotuzumab,/about-cancer/treatment/drugs/elotuzumab
Eloxatin (Oxaliplatin),/about-cancer/treatment/drugs/oxaliplatin
Eltrombopag Olamine,/about-cancer/treatment/drugs/eltrombopagolamine
Elzonris (Tagraxofusp-erzs),/about-cancer/treatment/drugs/tagraxofusp-erzs
Emapalumab-lzsg,/about-cancer/treatment/drugs/emapalumab-lzsg
Emend (Aprepitant),/about-cancer/treatment/drugs/aprepitant
Empliciti (Elotuzumab),/about-cancer/treatment/drugs/elotuzumab
Enasidenib Mesylate,https://www.cancer.gov/about-cancer/treatment/drugs/enasidenibmesylate
Encorafenib,/about-cancer/treatment/drugs/encorafenib
Enhertu (Fam-Trastuzumab Deruxtecan-nxki),/about-cancer/treatment/drugs/famtrastuzumabderuxtecan-nxki
Entrectinib,/about-cancer/treatment/drugs/entrectinib
Enzalutamide,/about-cancer/treatment/drugs/enzalutamide
Epirubicin Hydrochloride,/about-cancer/treatment/drugs/epirubicinhydrochloride
EPOCH,/about-cancer/treatment/drugs/epoch
Epoetin Alfa,/about-cancer/treatment/drugs/epoetinalfa
Epogen (Epoetin Alfa),/about-cancer/treatment/drugs/epoetinalfa
Erbitux (Cetuximab),/about-cancer/treatment/drugs/cetuximab
Erdafitinib,https://www.cancer.gov/about-cancer/treatment/drugs/erdafitinib
Eribulin Mesylate,/about-cancer/treatment/drugs/eribulinmesylate
Erivedge (Vismodegib),/about-cancer/treatment/drugs/vismodegib
Erleada (Apalutamide),/about-cancer/treatment/drugs/apalutamide
Erlotinib Hydrochloride,/about-cancer/treatment/drugs/erlotinibhydrochloride
Erwinaze (Asparaginase Erwinia chrysanthemi),/about-cancer/treatment/drugs/asparaginase-erwinia-chrysanthemi
Ethyol (Amifostine),/about-cancer/treatment/drugs/amifostine
Etopophos (Etoposide Phosphate),/about-cancer/treatment/drugs/etoposidephosphate
Etoposide,/about-cancer/treatment/drugs/etoposide
Etoposide Phosphate,/about-cancer/treatment/drugs/etoposidephosphate
Everolimus,/about-cancer/treatment/drugs/everolimus
Evista (Raloxifene Hydrochloride),/about-cancer/treatment/drugs/raloxifenehydrochloride
Evomela (Melphalan Hydrochloride),/about-cancer/treatment/drugs/melphalan-hydrochloride
Exemestane,/about-cancer/treatment/drugs/exemestane
5-FU (Fluorouracil Injection),/about-cancer/treatment/drugs/fluorouracil
5-FU (Fluorouracil--Topical),/about-cancer/treatment/drugs/fluorouracil-topical
Fam-Trastuzumab Deruxtecan-nxki,/about-cancer/treatment/drugs/famtrastuzumabderuxtecan-nxki
Fareston (Toremifene),/about-cancer/treatment/drugs/toremifene
Farydak (Panobinostat),/about-cancer/treatment/drugs/panobinostat
Faslodex (Fulvestrant),/about-cancer/treatment/drugs/fulvestrant
FEC,/about-cancer/treatment/drugs/fec
Fedratinib Hydrochloride,/about-cancer/treatment/drugs/fedratinibhydrochloride
Femara (Letrozole),/about-cancer/treatment/drugs/letrozole
Filgrastim,/about-cancer/treatment/drugs/filgrastim
Firmagon (Degarelix),/about-cancer/treatment/drugs/degarelix
Fludarabine Phosphate,/about-cancer/treatment/drugs/fludarabinephosphate
Fluoroplex (Fluorouracil--Topical),/about-cancer/treatment/drugs/fluorouracil-topical
Fluorouracil Injection,/about-cancer/treatment/drugs/fluorouracil
Fluorouracil--Topical,/about-cancer/treatment/drugs/fluorouracil-topical
Flutamide,/about-cancer/treatment/drugs/flutamide
FOLFIRI,/about-cancer/treatment/drugs/folfiri
FOLFIRI-BEVACIZUMAB,/about-cancer/treatment/drugs/folfiri-bevacizumab
FOLFIRI-CETUXIMAB,/about-cancer/treatment/drugs/folfiri-cetuximab
FOLFIRINOX,/about-cancer/treatment/drugs/folfirinox
FOLFOX,/about-cancer/treatment/drugs/folfox
Folotyn (Pralatrexate),/about-cancer/treatment/drugs/pralatrexate
Fostamatinib Disodium,/about-cancer/treatment/drugs/fostamatinibdisodium
FU-LV,/about-cancer/treatment/drugs/fu-lv
Fulvestrant,/about-cancer/treatment/drugs/fulvestrant
Gamifant (Emapalumab-lzsg),/about-cancer/treatment/drugs/emapalumab-lzsg
Gardasil (Recombinant HPV Quadrivalent Vaccine),/about-cancer/treatment/drugs/recombinant-hpv-quadrivalent-vaccine
Gardasil 9 (Recombinant HPV Nonavalent Vaccine),/about-cancer/treatment/drugs/recombinant-hpv-nonavalent-vaccine
Gazyva (Obinutuzumab),/about-cancer/treatment/drugs/obinutuzumab
Gefitinib,/about-cancer/treatment/drugs/gefitinib
Gemcitabine Hydrochloride,/about-cancer/treatment/drugs/gemcitabinehydrochloride
GEMCITABINE-CISPLATIN,/about-cancer/treatment/drugs/gemcitabine-cisplatin
GEMCITABINE-OXALIPLATIN,/about-cancer/treatment/drugs/gemcitabine-oxaliplatin
Gemtuzumab Ozogamicin,/about-cancer/treatment/drugs/gemtuzumabozogamicin
Gemzar (Gemcitabine Hydrochloride),/about-cancer/treatment/drugs/gemcitabinehydrochloride
Gilotrif (Afatinib Dimaleate),/about-cancer/treatment/drugs/afatinibdimaleate
Gilteritinib Fumarate,/about-cancer/treatment/drugs/gilteritinibfumarate
Glasdegib Maleate,https://www.cancer.gov/about-cancer/treatment/drugs/glasdegibmaleate
Gleevec (Imatinib Mesylate),/about-cancer/treatment/drugs/imatinibmesylate
Gliadel Wafer (Carmustine Implant),/about-cancer/treatment/drugs/carmustineimplant
Glucarpidase,/about-cancer/treatment/drugs/glucarpidase
Goserelin Acetate,/about-cancer/treatment/drugs/goserelinacetate
Granisetron,/about-cancer/treatment/drugs/granisetron
Granisetron Hydrochloride,/about-cancer/treatment/drugs/granisetronhydrochloride
Granix (Filgrastim),/about-cancer/treatment/drugs/filgrastim
Halaven (Eribulin Mesylate),/about-cancer/treatment/drugs/eribulinmesylate
Hemangeol (Propranolol Hydrochloride),/about-cancer/treatment/drugs/propranolol-hydrochloride
Herceptin Hylecta (Trastuzumab and Hyaluronidase-oysk),/about-cancer/treatment/drugs/trastuzumabandhyaluronidase-oysk
Herceptin (Trastuzumab),/about-cancer/treatment/drugs/trastuzumab
"HPV Bivalent Vaccine, Recombinant",/about-cancer/treatment/drugs/recombinant-hpv-bivalent-vaccine
"HPV Nonavalent Vaccine, Recombinant",/about-cancer/treatment/drugs/recombinant-hpv-nonavalent-vaccine
"HPV Quadrivalent Vaccine, Recombinant",/about-cancer/treatment/drugs/recombinant-hpv-quadrivalent-vaccine
Hycamtin (Topotecan Hydrochloride),/about-cancer/treatment/drugs/topotecanhydrochloride
Hydrea (Hydroxyurea),/about-cancer/treatment/drugs/hydroxyurea
Hydroxyurea,/about-cancer/treatment/drugs/hydroxyurea
Hyper-CVAD,/about-cancer/treatment/drugs/hyper-cvad
Ibrance (Palbociclib),/about-cancer/treatment/drugs/palbociclib
Ibritumomab Tiuxetan,/about-cancer/treatment/drugs/ibritumomabtiuxetan
Ibrutinib,/about-cancer/treatment/drugs/ibrutinib
ICE,/about-cancer/treatment/drugs/ice
Iclusig (Ponatinib Hydrochloride),/about-cancer/treatment/drugs/ponatinibhydrochloride
Idarubicin Hydrochloride,/about-cancer/treatment/drugs/idarubicinhydrochloride
Idelalisib,/about-cancer/treatment/drugs/idelalisib
Idhifa (Enasidenib Mesylate),https://www.cancer.gov/about-cancer/treatment/drugs/enasidenibmesylate
Ifex (Ifosfamide),/about-cancer/treatment/drugs/ifosfamide
Ifosfamide,/about-cancer/treatment/drugs/ifosfamide
IL-2 (Aldesleukin),/about-cancer/treatment/drugs/aldesleukin
Imatinib Mesylate,/about-cancer/treatment/drugs/imatinibmesylate
Imbruvica (Ibrutinib),/about-cancer/treatment/drugs/ibrutinib
Imfinzi (Durvalumab),/about-cancer/treatment/drugs/durvalumab
Imiquimod,/about-cancer/treatment/drugs/imiquimod
Imlygic (Talimogene Laherparepvec),/about-cancer/treatment/drugs/talimogenelaherparepvec
Inlyta (Axitinib),/about-cancer/treatment/drugs/axitinib
Inotuzumab Ozogamicin,/about-cancer/treatment/drugs/inotuzumabozogamicin
Inrebic (Fedratinib Hydrochloride),/about-cancer/treatment/drugs/fedratinibhydrochloride
"Interferon Alfa-2b, Recombinant",/about-cancer/treatment/drugs/recombinant-interferon-alfa-2b
Interleukin-2 (Aldesleukin),/about-cancer/treatment/drugs/aldesleukin
Intron A (Recombinant Interferon Alfa-2b),/about-cancer/treatment/drugs/recombinant-interferon-alfa-2b
Iobenguane I 131,/about-cancer/treatment/drugs/iobenguanei131
Ipilimumab,/about-cancer/treatment/drugs/ipilimumab
Iressa (Gefitinib),/about-cancer/treatment/drugs/gefitinib
Irinotecan Hydrochloride,/about-cancer/treatment/drugs/irinotecanhydrochloride
Irinotecan Hydrochloride Liposome,/about-cancer/treatment/drugs/irinotecan-hydrochloride-liposome
Istodax (Romidepsin),/about-cancer/treatment/drugs/romidepsin
Ivosidenib,/about-cancer/treatment/drugs/ivosidenib
Ixabepilone,/about-cancer/treatment/drugs/ixabepilone
Ixazomib Citrate,/about-cancer/treatment/drugs/ixazomibcitrate
Ixempra (Ixabepilone),/about-cancer/treatment/drugs/ixabepilone
Jakafi (Ruxolitinib Phosphate),/about-cancer/treatment/drugs/ruxolitinibphosphate
JEB,/about-cancer/treatment/drugs/jeb
Jevtana (Cabazitaxel),/about-cancer/treatment/drugs/cabazitaxel
Kadcyla (Ado-Trastuzumab Emtansine),/about-cancer/treatment/drugs/ado-trastuzumab-emtansine
Kepivance (Palifermin),/about-cancer/treatment/drugs/palifermin
Keytruda (Pembrolizumab),/about-cancer/treatment/drugs/pembrolizumab
Kisqali (Ribociclib),/about-cancer/treatment/drugs/ribociclib
Kymriah (Tisagenlecleucel),/about-cancer/treatment/drugs/tisagenlecleucel
Kyprolis (Carfilzomib),/about-cancer/treatment/drugs/carfilzomib
Lanreotide Acetate,/about-cancer/treatment/drugs/lanreotideacetate
Lapatinib Ditosylate,/about-cancer/treatment/drugs/lapatinibditosylate
Larotrectinib Sulfate,/about-cancer/treatment/drugs/larotrectinibsulfate
Lenalidomide,/about-cancer/treatment/drugs/lenalidomide
Lenvatinib Mesylate,/about-cancer/treatment/drugs/lenvatinibmesylate
Lenvima (Lenvatinib Mesylate),/about-cancer/treatment/drugs/lenvatinibmesylate
Letrozole,/about-cancer/treatment/drugs/letrozole
Leucovorin Calcium,/about-cancer/treatment/drugs/leucovorincalcium
Leukeran (Chlorambucil),/about-cancer/treatment/drugs/chlorambucil
Leuprolide Acetate,/about-cancer/treatment/drugs/leuprolideacetate
Levulan Kerastik (Aminolevulinic Acid Hydrochloride),/about-cancer/treatment/drugs/aminolevulinicacid
Libtayo (Cemiplimab-rwlc),/about-cancer/treatment/drugs/cemiplimab-rwlc
Lomustine,/about-cancer/treatment/drugs/lomustine
Lonsurf (Trifluridine and Tipiracil Hydrochloride),/about-cancer/treatment/drugs/trifluridine-tipiracilhydrochloride
Lorbrena (Lorlatinib),/about-cancer/treatment/drugs/lorlatinib
Lorlatinib,/about-cancer/treatment/drugs/lorlatinib
Lumoxiti (Moxetumomab Pasudotox-tdfk),/about-cancer/treatment/drugs/moxetumomabpasudotoxtdfk
Lupron (Leuprolide Acetate),/about-cancer/treatment/drugs/leuprolideacetate
Lupron Depot (Leuprolide Acetate),/about-cancer/treatment/drugs/leuprolideacetate
Lutathera (Lutetium Lu 177-Dotatate),/about-cancer/treatment/drugs/lutetiumlu177-dotatate
Lutetium (Lu 177-Dotatate),/about-cancer/treatment/drugs/lutetiumlu177-dotatate
Lynparza (Olaparib),/about-cancer/treatment/drugs/olaparib
Marqibo (Vincristine Sulfate Liposome),/about-cancer/treatment/drugs/vincristine-sulfate-liposome
Matulane (Procarbazine Hydrochloride),/about-cancer/treatment/drugs/procarbazinehydrochloride
Mechlorethamine Hydrochloride,/about-cancer/treatment/drugs/mechlorethaminehydrochloride
Megestrol Acetate,/about-cancer/treatment/drugs/megestrolacetate
Mekinist (Trametinib),/about-cancer/treatment/drugs/trametinib
Mektovi (Binimetinib),/about-cancer/treatment/drugs/binimetinib
Melphalan,/about-cancer/treatment/drugs/melphalan
Melphalan Hydrochloride,/about-cancer/treatment/drugs/melphalan-hydrochloride
Mercaptopurine,/about-cancer/treatment/drugs/mercaptopurine
Mesna,/about-cancer/treatment/drugs/mesna
Mesnex (Mesna),/about-cancer/treatment/drugs/mesna
Methotrexate,/about-cancer/treatment/drugs/methotrexate
Methylnaltrexone Bromide,/about-cancer/treatment/drugs/methylnaltrexonebromide
Midostaurin,/about-cancer/treatment/drugs/midostaurin
Mitomycin C,/about-cancer/treatment/drugs/mitomycinc
Mitoxantrone Hydrochloride,/about-cancer/treatment/drugs/mitoxantronehydrochloride
Mogamulizumab-kpkc,https://www.cancer.gov/about-cancer/treatment/drugs/mogamulizumabkpkc
Moxetumomab Pasudotox-tdfk,/about-cancer/treatment/drugs/moxetumomabpasudotoxtdfk
Mozobil (Plerixafor),/about-cancer/treatment/drugs/plerixafor
Mustargen (Mechlorethamine Hydrochloride),/about-cancer/treatment/drugs/mechlorethaminehydrochloride
MVAC,/about-cancer/treatment/drugs/mvac
Mvasi (Bevacizumab),/about-cancer/treatment/drugs/bevacizumab
Myleran (Busulfan),/about-cancer/treatment/drugs/busulfan
Mylotarg (Gemtuzumab Ozogamicin),/about-cancer/treatment/drugs/gemtuzumabozogamicin
Nanoparticle Paclitaxel (Paclitaxel Albumin-stabilized Nanoparticle Formulation),/about-cancer/treatment/drugs/nanoparticlepaclitaxel
Navelbine (Vinorelbine Tartrate),/about-cancer/treatment/drugs/vinorelbinetartrate
Necitumumab,/about-cancer/treatment/drugs/necitumumab
Nelarabine,/about-cancer/treatment/drugs/nelarabine
Neratinib Maleate,/about-cancer/treatment/drugs/neratinibmaleate
Nerlynx (Neratinib Maleate),/about-cancer/treatment/drugs/neratinibmaleate
Netupitant and Palonosetron Hydrochloride,/about-cancer/treatment/drugs/netupitant-palonosetronhydrochloride
Neulasta (Pegfilgrastim),/about-cancer/treatment/drugs/pegfilgrastim
Neupogen (Filgrastim),/about-cancer/treatment/drugs/filgrastim
Nexavar (Sorafenib Tosylate),/about-cancer/treatment/drugs/sorafenibtosylate
Nilandron (Nilutamide),/about-cancer/treatment/drugs/nilutamide
Nilotinib,/about-cancer/treatment/drugs/nilotinib
Nilutamide,/about-cancer/treatment/drugs/nilutamide
Ninlaro (Ixazomib Citrate),/about-cancer/treatment/drugs/ixazomibcitrate
Niraparib Tosylate Monohydrate,/about-cancer/treatment/drugs/niraparibtosylatemonohydrate
Nivolumab,/about-cancer/treatment/drugs/nivolumab
Nplate (Romiplostim),/about-cancer/treatment/drugs/romiplostim
Nubeqa (Darolutamide),/about-cancer/treatment/drugs/darolutamide
Obinutuzumab,/about-cancer/treatment/drugs/obinutuzumab
Odomzo (Sonidegib),/about-cancer/treatment/drugs/sonidegib
OEPA,/about-cancer/treatment/drugs/oepa
Ofatumumab,/about-cancer/treatment/drugs/ofatumumab
OFF,/about-cancer/treatment/drugs/off
Olaparib,/about-cancer/treatment/drugs/olaparib
Omacetaxine Mepesuccinate,/about-cancer/treatment/drugs/omacetaxinemepesuccinate
Oncaspar (Pegaspargase),/about-cancer/treatment/drugs/pegaspargase
Ondansetron Hydrochloride,/about-cancer/treatment/drugs/ondansetronhydrochloride
Onivyde (Irinotecan Hydrochloride Liposome),/about-cancer/treatment/drugs/irinotecan-hydrochloride-liposome
Ontak (Denileukin Diftitox),/about-cancer/treatment/drugs/denileukindiftitox
Opdivo (Nivolumab),/about-cancer/treatment/drugs/nivolumab
OPPA,/about-cancer/treatment/drugs/oppa
Osimertinib Mesylate,/about-cancer/treatment/drugs/osimertinib
Oxaliplatin,/about-cancer/treatment/drugs/oxaliplatin
Paclitaxel,/about-cancer/treatment/drugs/paclitaxel
Paclitaxel Albumin-stabilized Nanoparticle Formulation,/about-cancer/treatment/drugs/nanoparticlepaclitaxel
PAD,/about-cancer/treatment/drugs/pad
Palbociclib,/about-cancer/treatment/drugs/palbociclib
Palifermin,/about-cancer/treatment/drugs/palifermin
Palonosetron Hydrochloride,/about-cancer/treatment/drugs/palonosetronhydrochloride
Palonosetron Hydrochloride and Netupitant,/about-cancer/treatment/drugs/netupitant-palonosetronhydrochloride
Pamidronate Disodium,/about-cancer/treatment/drugs/pamidronatedisodium
Panitumumab,/about-cancer/treatment/drugs/panitumumab
Panobinostat,/about-cancer/treatment/drugs/panobinostat
Pazopanib Hydrochloride,/about-cancer/treatment/drugs/pazopanibhydrochloride
PCV,/about-cancer/treatment/drugs/pcv
PEB,/about-cancer/treatment/drugs/peb
Pegaspargase,/about-cancer/treatment/drugs/pegaspargase
Pegfilgrastim,/about-cancer/treatment/drugs/pegfilgrastim
Peginterferon Alfa-2b,/about-cancer/treatment/drugs/peginterferon-alfa-2b
PEG-Intron (Peginterferon Alfa-2b),/about-cancer/treatment/drugs/peginterferon-alfa-2b
Pembrolizumab,/about-cancer/treatment/drugs/pembrolizumab
Pemetrexed Disodium,/about-cancer/treatment/drugs/pemetrexeddisodium
Perjeta (Pertuzumab),/about-cancer/treatment/drugs/pertuzumab
Pertuzumab,/about-cancer/treatment/drugs/pertuzumab
Piqray (Alpelisib),/about-cancer/treatment/drugs/alpelisib
Plerixafor,/about-cancer/treatment/drugs/plerixafor
Polatuzumab Vedotin-piiq,/about-cancer/treatment/drugs/polatuzumabvedotin-piiq
Polivy (Polatuzumab Vedotin-piiq),/about-cancer/treatment/drugs/polatuzumabvedotin-piiq
Pomalidomide,/about-cancer/treatment/drugs/pomalidomide
Pomalyst (Pomalidomide),/about-cancer/treatment/drugs/pomalidomide
Ponatinib Hydrochloride,/about-cancer/treatment/drugs/ponatinibhydrochloride
Portrazza (Necitumumab),/about-cancer/treatment/drugs/necitumumab
Poteligeo (Mogamulizumab-kpkc),https://www.cancer.gov/about-cancer/treatment/drugs/mogamulizumabkpkc
Pralatrexate,/about-cancer/treatment/drugs/pralatrexate
Prednisone,/about-cancer/treatment/drugs/prednisone
Procarbazine Hydrochloride,/about-cancer/treatment/drugs/procarbazinehydrochloride
Procrit (Epoetin Alfa),/about-cancer/treatment/drugs/epoetinalfa
Proleukin (Aldesleukin),/about-cancer/treatment/drugs/aldesleukin
Prolia (Denosumab),/about-cancer/treatment/drugs/denosumab
Promacta (Eltrombopag Olamine),/about-cancer/treatment/drugs/eltrombopagolamine
Propranolol Hydrochloride,/about-cancer/treatment/drugs/propranolol-hydrochloride
Provenge (Sipuleucel-T),/about-cancer/treatment/drugs/sipuleucel-t
Purinethol (Mercaptopurine),/about-cancer/treatment/drugs/mercaptopurine
Purixan (Mercaptopurine),/about-cancer/treatment/drugs/mercaptopurine
Radium 223 Dichloride,/about-cancer/treatment/drugs/radium-223-dichloride
Raloxifene Hydrochloride,/about-cancer/treatment/drugs/raloxifenehydrochloride
Ramucirumab,/about-cancer/treatment/drugs/ramucirumab
Rasburicase,/about-cancer/treatment/drugs/rasburicase
Ravulizumab-cwvz,/about-cancer/treatment/drugs/ravulizumab-cwvz
R-CHOP,/about-cancer/treatment/drugs/r-chop
R-CVP,/about-cancer/treatment/drugs/r-cvp
Recombinant Human Papillomavirus (HPV) Bivalent Vaccine,/about-cancer/treatment/drugs/recombinant-hpv-bivalent-vaccine
Recombinant Human Papillomavirus (HPV) Nonavalent Vaccine,/about-cancer/treatment/drugs/recombinant-hpv-nonavalent-vaccine
Recombinant Human Papillomavirus (HPV) Quadrivalent Vaccine,/about-cancer/treatment/drugs/recombinant-hpv-quadrivalent-vaccine
Recombinant Interferon Alfa-2b,/about-cancer/treatment/drugs/recombinant-interferon-alfa-2b
Regorafenib,/about-cancer/treatment/drugs/regorafenib
Relistor (Methylnaltrexone Bromide),/about-cancer/treatment/drugs/methylnaltrexonebromide
R-EPOCH,/about-cancer/treatment/drugs/r-epoch
Retacrit (Epoetin Alfa),/about-cancer/treatment/drugs/epoetinalfa
Revlimid (Lenalidomide),/about-cancer/treatment/drugs/lenalidomide
Rheumatrex (Methotrexate),/about-cancer/treatment/drugs/methotrexate
Ribociclib,/about-cancer/treatment/drugs/ribociclib
R-ICE,/about-cancer/treatment/drugs/r-ice
Rituxan (Rituximab),/about-cancer/treatment/drugs/rituximab
Rituxan Hycela (Rituximab and Hyaluronidase Human),/about-cancer/treatment/drugs/rituximabandhyaluronidasehuman
Rituximab,/about-cancer/treatment/drugs/rituximab
Rituximab and Hyaluronidase Human,/about-cancer/treatment/drugs/rituximabandhyaluronidasehuman
Rolapitant Hydrochloride,/about-cancer/treatment/drugs/rolapitanthydrochloride
Romidepsin,/about-cancer/treatment/drugs/romidepsin
Romiplostim,/about-cancer/treatment/drugs/romiplostim
Rozlytrek (Entrectinib),/about-cancer/treatment/drugs/entrectinib
Rubidomycin (Daunorubicin Hydrochloride),/about-cancer/treatment/drugs/daunorubicinhydrochloride
Rubraca (Rucaparib Camsylate),/about-cancer/treatment/drugs/rucaparibcamsylate
Rucaparib Camsylate,/about-cancer/treatment/drugs/rucaparibcamsylate
Ruxolitinib Phosphate,/about-cancer/treatment/drugs/ruxolitinibphosphate
Rydapt (Midostaurin),/about-cancer/treatment/drugs/midostaurin
Sancuso (Granisetron),/about-cancer/treatment/drugs/granisetron
Sclerosol Intrapleural Aerosol (Talc),/about-cancer/treatment/drugs/talc
Selinexor,/about-cancer/treatment/drugs/selinexor
Siltuximab,/about-cancer/treatment/drugs/siltuximab
Sipuleucel-T,/about-cancer/treatment/drugs/sipuleucel-t
Somatuline Depot (Lanreotide Acetate),/about-cancer/treatment/drugs/lanreotideacetate
Sonidegib,/about-cancer/treatment/drugs/sonidegib
Sorafenib Tosylate,/about-cancer/treatment/drugs/sorafenibtosylate
Sprycel (Dasatinib),/about-cancer/treatment/drugs/dasatinib
STANFORD V,/about-cancer/treatment/drugs/stanfordv
Sterile Talc Powder (Talc),/about-cancer/treatment/drugs/talc
Steritalc (Talc),/about-cancer/treatment/drugs/talc
Stivarga (Regorafenib),/about-cancer/treatment/drugs/regorafenib
Sunitinib Malate,/about-cancer/treatment/drugs/sunitinibmalate
Sustol (Granisetron),/about-cancer/treatment/drugs/granisetron
Sutent (Sunitinib Malate),/about-cancer/treatment/drugs/sunitinibmalate
Sylatron (Peginterferon Alfa-2b),/about-cancer/treatment/drugs/peginterferon-alfa-2b
Sylvant (Siltuximab),/about-cancer/treatment/drugs/siltuximab
Synribo (Omacetaxine Mepesuccinate),/about-cancer/treatment/drugs/omacetaxinemepesuccinate
Tabloid (Thioguanine),/about-cancer/treatment/drugs/thioguanine
TAC,/about-cancer/treatment/drugs/tac
Tafinlar (Dabrafenib Mesylate),/about-cancer/treatment/drugs/dabrafenib
Tagraxofusp-erzs,/about-cancer/treatment/drugs/tagraxofusp-erzs
Tagrisso (Osimertinib Mesylate),/about-cancer/treatment/drugs/osimertinib
Talazoparib Tosylate,https://www.cancer.gov/about-cancer/treatment/drugs/talazoparibtosylate
Talc,/about-cancer/treatment/drugs/talc
Talimogene Laherparepvec,/about-cancer/treatment/drugs/talimogenelaherparepvec
Talzenna (Talazoparib Tosylate),https://www.cancer.gov/about-cancer/treatment/drugs/talazoparibtosylate
Tamoxifen Citrate,/about-cancer/treatment/drugs/tamoxifencitrate
Tarceva (Erlotinib Hydrochloride),/about-cancer/treatment/drugs/erlotinibhydrochloride
Targretin (Bexarotene),/about-cancer/treatment/drugs/bexarotene
Tasigna (Nilotinib),/about-cancer/treatment/drugs/nilotinib
Tavalisse (Fostamatinib Disodium),/about-cancer/treatment/drugs/fostamatinibdisodium
Taxol (Paclitaxel),/about-cancer/treatment/drugs/paclitaxel
Taxotere (Docetaxel),/about-cancer/treatment/drugs/docetaxel
Tecentriq (Atezolizumab),/about-cancer/treatment/drugs/atezolizumab
Temodar (Temozolomide),/about-cancer/treatment/drugs/temozolomide
Temozolomide,/about-cancer/treatment/drugs/temozolomide
Temsirolimus,/about-cancer/treatment/drugs/temsirolimus
Thalidomide,/about-cancer/treatment/drugs/thalidomide
Thalomid (Thalidomide),/about-cancer/treatment/drugs/thalidomide
Thioguanine,/about-cancer/treatment/drugs/thioguanine
Thiotepa,/about-cancer/treatment/drugs/thiotepa
Tibsovo (Ivosidenib) ,/about-cancer/treatment/drugs/ivosidenib
Tisagenlecleucel,/about-cancer/treatment/drugs/tisagenlecleucel
Tocilizumab,/about-cancer/treatment/drugs/tocilizumab
Tolak (Fluorouracil--Topical),/about-cancer/treatment/drugs/fluorouracil-topical
Topotecan Hydrochloride,/about-cancer/treatment/drugs/topotecanhydrochloride
Toremifene,/about-cancer/treatment/drugs/toremifene
Torisel (Temsirolimus),/about-cancer/treatment/drugs/temsirolimus
Totect (Dexrazoxane Hydrochloride),/about-cancer/treatment/drugs/dexrazoxanehydrochloride
TPF,/about-cancer/treatment/drugs/tpf
Trabectedin,/about-cancer/treatment/drugs/trabectedin
Trametinib,/about-cancer/treatment/drugs/trametinib
Trastuzumab,/about-cancer/treatment/drugs/trastuzumab
Trastuzumab and Hyaluronidase-oysk,/about-cancer/treatment/drugs/trastuzumabandhyaluronidase-oysk
Treanda (Bendamustine Hydrochloride),/about-cancer/treatment/drugs/bendamustinehydrochloride
Trexall (Methotrexate),/about-cancer/treatment/drugs/methotrexate
Trifluridine and Tipiracil Hydrochloride,/about-cancer/treatment/drugs/trifluridine-tipiracilhydrochloride
Trisenox (Arsenic Trioxide),/about-cancer/treatment/drugs/arsenictrioxide
Truxima (Rituximab),/about-cancer/treatment/drugs/rituximab
Tykerb (Lapatinib Ditosylate),/about-cancer/treatment/drugs/lapatinibditosylate
Ultomiris (Ravulizumab-cwvz),/about-cancer/treatment/drugs/ravulizumab-cwvz
Unituxin (Dinutuximab),/about-cancer/treatment/drugs/dinutuximab
Uridine Triacetate,/about-cancer/treatment/drugs/uridinetriacetate
VAC,/about-cancer/treatment/drugs/vac
Valrubicin,/about-cancer/treatment/drugs/valrubicin
Valstar (Valrubicin),/about-cancer/treatment/drugs/valrubicin
Vandetanib,/about-cancer/treatment/drugs/vandetanib
VAMP,/about-cancer/treatment/drugs/vamp
Varubi (Rolapitant Hydrochloride),/about-cancer/treatment/drugs/rolapitanthydrochloride
Vectibix (Panitumumab),/about-cancer/treatment/drugs/panitumumab
VeIP,/about-cancer/treatment/drugs/veip
Velcade (Bortezomib),/about-cancer/treatment/drugs/bortezomib
Vemurafenib,/about-cancer/treatment/drugs/vemurafenib
Venclexta (Venetoclax),/about-cancer/treatment/drugs/venetoclax
Venetoclax,/about-cancer/treatment/drugs/venetoclax
Verzenio (Abemaciclib),/about-cancer/treatment/drugs/abemaciclib
Vidaza (Azacitidine),/about-cancer/treatment/drugs/azacitidine
Vinblastine Sulfate,/about-cancer/treatment/drugs/vinblastinesulfate
Vincristine Sulfate,/about-cancer/treatment/drugs/vincristinesulfate
Vincristine Sulfate Liposome,/about-cancer/treatment/drugs/vincristine-sulfate-liposome
Vinorelbine Tartrate,/about-cancer/treatment/drugs/vinorelbinetartrate
VIP,/about-cancer/treatment/drugs/vip
Vismodegib,/about-cancer/treatment/drugs/vismodegib
Vistogard (Uridine Triacetate),/about-cancer/treatment/drugs/uridinetriacetate
Vitrakvi (Larotrectinib Sulfate),/about-cancer/treatment/drugs/larotrectinibsulfate
Vizimpro (Dacomitinib),/about-cancer/treatment/drugs/dacomitinib
Voraxaze (Glucarpidase),/about-cancer/treatment/drugs/glucarpidase
Vorinostat,/about-cancer/treatment/drugs/vorinostat
Votrient (Pazopanib Hydrochloride),/about-cancer/treatment/drugs/pazopanibhydrochloride
Vyxeos (Daunorubicin Hydrochloride and Cytarabine Liposome),/about-cancer/treatment/drugs/daunorubicinhydrochlorideandcytarabineliposome
Xalkori (Crizotinib),/about-cancer/treatment/drugs/crizotinib
Xeloda (Capecitabine),/about-cancer/treatment/drugs/capecitabine
XELIRI,/about-cancer/treatment/drugs/xeliri
XELOX,/about-cancer/treatment/drugs/xelox
Xgeva (Denosumab),/about-cancer/treatment/drugs/denosumab
Xofigo (Radium 223 Dichloride),/about-cancer/treatment/drugs/radium-223-dichloride
Xospata (Gilteritinib Fumarate),/about-cancer/treatment/drugs/gilteritinibfumarate
Xpovio (Selinexor),/about-cancer/treatment/drugs/selinexor
Xtandi (Enzalutamide),/about-cancer/treatment/drugs/enzalutamide
Yervoy (Ipilimumab),/about-cancer/treatment/drugs/ipilimumab
Yescarta (Axicabtagene Ciloleucel),/about-cancer/treatment/drugs/axicabtageneciloleucel
Yondelis (Trabectedin),/about-cancer/treatment/drugs/trabectedin
Zaltrap (Ziv-Aflibercept),/about-cancer/treatment/drugs/ziv-aflibercept
Zanubrutinib,/about-cancer/treatment/drugs/zanubrutinib
Zarxio (Filgrastim),/about-cancer/treatment/drugs/filgrastim
Zejula (Niraparib Tosylate Monohydrate),/about-cancer/treatment/drugs/niraparibtosylatemonohydrate
Zelboraf (Vemurafenib),/about-cancer/treatment/drugs/vemurafenib
Zevalin (Ibritumomab Tiuxetan),/about-cancer/treatment/drugs/ibritumomabtiuxetan
Zinecard (Dexrazoxane Hydrochloride),/about-cancer/treatment/drugs/dexrazoxanehydrochloride
Ziv-Aflibercept,/about-cancer/treatment/drugs/ziv-aflibercept
Zofran (Ondansetron Hydrochloride),/about-cancer/treatment/drugs/ondansetronhydrochloride
Zoladex (Goserelin Acetate),/about-cancer/treatment/drugs/goserelinacetate
Zoledronic Acid,/about-cancer/treatment/drugs/zoledronicacid
Zolinza (Vorinostat),/about-cancer/treatment/drugs/vorinostat
Zometa (Zoledronic Acid),/about-cancer/treatment/drugs/zoledronicacid
Zydelig (Idelalisib),/about-cancer/treatment/drugs/idelalisib
Zykadia (Ceritinib),/about-cancer/treatment/drugs/ceritinib
Zytiga (Abiraterone Acetate),/about-cancer/treatment/drugs/abirateroneacetate
